{"cameraMode":{"drawMode":0,"name":"Shaded","section":"Shading Mode"},"sceneLighting":true,"audioPlay":false,"sceneViewState":{"m_AlwaysRefresh":false,"showFog":true,"showSkybox":true,"showFlares":true,"showImageEffects":true,"showParticleSystems":true,"showVisualEffectGraphs":true,"m_FxEnabled":true},"in2DMode":false,"pivot":{"x":-0.0769350528717041,"y":1.9418727159500123,"z":-1.3928941488265992},"rotation":{"x":-0.07479923218488693,"y":-0.380054235458374,"z":0.030851785093545915,"w":-0.9214271903038025},"size":1.2247449159622193,"orthographic":false}