{"cameraMode":{"drawMode":0,"name":"Shaded","section":"Shading Mode"},"sceneLighting":false,"audioPlay":false,"sceneViewState":{"m_AlwaysRefresh":false,"showFog":true,"showSkybox":false,"showFlares":true,"showImageEffects":true,"showParticleSystems":true,"showVisualEffectGraphs":true,"m_FxEnabled":true},"in2DMode":false,"pivot":{"x":-0.11462708562612534,"y":-0.6925657391548157,"z":0.1768278330564499},"rotation":{"x":0.5889926552772522,"y":0.017858585342764856,"z":-0.013979509472846985,"w":0.8083558082580566},"size":3.9114906787872316,"orthographic":false}