{"cameraMode":{"drawMode":0,"name":"Shaded","section":"Shading Mode"},"sceneLighting":false,"audioPlay":false,"sceneViewState":{"m_AlwaysRefresh":false,"showFog":true,"showSkybox":false,"showFlares":true,"showImageEffects":true,"showParticleSystems":true,"showVisualEffectGraphs":true,"m_FxEnabled":true},"in2DMode":false,"pivot":{"x":-41.190635681152347,"y":-0.4866182506084442,"z":-0.25727179646492007},"rotation":{"x":0.014365924522280693,"y":-0.6859481334686279,"z":0.013641606085002423,"w":0.7275041937828064},"size":5.043809413909912,"orthographic":false}