{"cameraMode":{"drawMode":0,"name":"Shaded","section":"Shading Mode"},"sceneLighting":true,"audioPlay":false,"sceneViewState":{"m_AlwaysRefresh":false,"showFog":true,"showSkybox":true,"showFlares":true,"showImageEffects":true,"showParticleSystems":true,"showVisualEffectGraphs":true,"m_FxEnabled":true},"in2DMode":false,"pivot":{"x":478.67462158203127,"y":327.0386047363281,"z":-201.21685791015626},"rotation":{"x":-0.21315434575080872,"y":-0.008209945634007454,"z":0.001790894428268075,"w":-0.9769847393035889},"size":233.58755493164063,"orthographic":true}