{"cameraMode":{"drawMode":0,"name":"Shaded","section":"Shading Mode"},"sceneLighting":true,"audioPlay":false,"sceneViewState":{"m_AlwaysRefresh":false,"showFog":true,"showSkybox":false,"showFlares":true,"showImageEffects":true,"showParticleSystems":true,"showVisualEffectGraphs":true,"m_FxEnabled":true},"in2DMode":false,"pivot":{"x":-0.1351611167192459,"y":-0.22037716209888459,"z":-0.4463363289833069},"rotation":{"x":0.1435539722442627,"y":0.06110589578747749,"z":-0.00878253486007452,"w":0.9877364039421082},"size":0.7141428589820862,"orthographic":false}