{"cameraMode":{"drawMode":0,"name":"Shaded","section":"Shading Mode"},"sceneLighting":false,"audioPlay":false,"sceneViewState":{"m_AlwaysRefresh":false,"showFog":true,"showSkybox":false,"showFlares":true,"showImageEffects":true,"showParticleSystems":true,"showVisualEffectGraphs":true,"m_FxEnabled":true},"in2DMode":false,"pivot":{"x":-1.3736399412155152,"y":1.2742924690246583,"z":0.030866622924804689},"rotation":{"x":0.19642454385757447,"y":0.009988823905587197,"z":-0.0019238905515521765,"w":0.980470597743988},"size":0.8660258054733276,"orthographic":false}