{"cameraMode":{"drawMode":0,"name":"Shaded","section":"Shading Mode"},"sceneLighting":false,"audioPlay":false,"sceneViewState":{"m_AlwaysRefresh":false,"showFog":true,"showSkybox":false,"showFlares":true,"showImageEffects":true,"showParticleSystems":true,"showVisualEffectGraphs":true,"m_FxEnabled":true},"in2DMode":false,"pivot":{"x":-0.1970854252576828,"y":5.67304801940918,"z":0.9704937934875488},"rotation":{"x":-0.004167992155998945,"y":-0.7613305449485779,"z":0.6485986113548279,"w":-0.004744984675198793},"size":1.0825318098068238,"orthographic":false}